<?xml version="1.0" encoding="UTF-8"?>
<project-private xmlns="http://www.netbeans.org/ns/project-private/1">
    <editor-bookmarks xmlns="http://www.netbeans.org/ns/editor-bookmarks/2" lastBookmarkId="0"/>
    <open-files xmlns="http://www.netbeans.org/ns/projectui-open-files/2">
        <group>
            <file>file:/D:/java2new/ExpertSystem/web/editexpertprofile.jsp</file>
            <file>file:/D:/java2new/ExpertSystem/web/customerheader.jsp</file>
            <file>file:/D:/java2new/ExpertSystem/web/viewcatanswer.jsp</file>
            <file>file:/D:/java2new/ExpertSystem/web/custdashboard.jsp</file>
            <file>file:/D:/java2new/ExpertSystem/web/index.jsp</file>
            <file>file:/D:/java2new/ExpertSystem/src/java/UpdateExpertSer.java</file>
            <file>file:/D:/java2new/ExpertSystem/web/customeranswer.jsp</file>
            <file>file:/D:/java2new/ExpertSystem/web/editcustomerprofile.jsp</file>
            <file>file:/D:/java2new/ExpertSystem/src/java/UpdateCustomerSer.java</file>
        </group>
    </open-files>
</project-private>
